{"grid_size": 20, "walls": [[0, 0], [1, 0], [0, 1], [1, 1], [2, 1], [1, 2], [2, 2], [3, 2], [8, 2], [9, 2], [17, 2], [2, 3], [3, 3], [7, 3], [8, 3], [9, 3], [16, 3], [17, 3], [6, 4], [7, 4], [8, 4], [15, 4], [16, 4], [5, 5], [6, 5], [7, 5], [14, 5], [15, 5], [4, 6], [5, 6], [6, 6], [7, 6], [13, 6], [14, 6], [3, 7], [4, 7], [5, 7], [6, 7], [7, 7], [8, 7], [12, 7], [13, 7], [2, 8], [3, 8], [4, 8], [7, 8], [8, 8], [9, 8], [2, 9], [3, 9], [8, 9], [9, 9], [10, 9], [9, 10], [10, 10], [11, 10], [16, 10], [17, 10], [10, 11], [11, 11], [12, 11], [15, 11], [16, 11], [17, 11], [4, 12], [5, 12], [11, 12], [12, 12], [13, 12], [14, 12], [15, 12], [16, 12], [4, 13], [5, 13], [6, 13], [12, 13], [13, 13], [14, 13], [15, 13], [5, 14], [6, 14], [7, 14], [12, 14], [13, 14], [14, 14], [6, 15], [7, 15], [11, 15], [12, 15], [13, 15], [10, 16], [11, 16], [12, 16], [16, 16], [17, 16], [10, 17], [11, 17], [16, 17], [17, 17], [18, 17], [17, 18], [18, 18], [19, 18], [18, 19], [19, 19]], "npc_position": [18.597157287525356, 10.55484271247463], "target_position": [15, 19]}