{"grid_size": 20, "walls": [[10, 3], [11, 3], [10, 4], [11, 4], [4, 5], [15, 5], [17, 6], [3, 7], [17, 7], [3, 8], [8, 8], [9, 8], [17, 8], [3, 9], [13, 9], [14, 9], [17, 9], [3, 10], [14, 10], [3, 11], [3, 12], [8, 12], [3, 14], [4, 14], [10, 14], [11, 14], [3, 15], [4, 15], [15, 15], [16, 15], [15, 16], [16, 16], [8, 17], [9, 17], [10, 17], [11, 17], [12, 17], [13, 17]], "npc_position": [12.608417901134072, 9.636389562644208], "target_position": [18, 18]}