{"grid_size": 20, "walls": [[13, 1], [14, 1], [15, 1], [1, 2], [15, 2], [1, 3], [13, 3], [14, 3], [15, 3], [1, 4], [15, 4], [1, 5], [2, 5], [3, 5], [13, 5], [14, 5], [15, 5]], "npc_position": [14.382287297345256, 12.617677808960826], "target_position": [9, 8]}