{"grid_size": 20, "walls": [[13, 1], [15, 1], [1, 2], [13, 2], [15, 2], [1, 3], [13, 3], [14, 3], [15, 3], [1, 4], [15, 4], [1, 5], [2, 5], [3, 5], [15, 5]], "npc_position": [8.601163028088628, 5.601150949927165], "target_position": [12, 17]}