{"grid_size": 20, "walls": [[5, 1], [10, 1], [11, 1], [12, 1], [13, 1], [18, 1], [5, 2], [10, 2], [18, 2], [5, 3], [10, 3], [11, 3], [12, 3], [13, 3], [18, 3], [5, 4], [13, 4], [18, 4], [2, 5], [5, 5], [6, 5], [7, 5], [8, 5], [10, 5], [11, 5], [12, 5], [13, 5], [17, 5], [18, 5], [2, 6], [17, 6], [2, 7], [17, 7], [2, 8], [17, 8], [2, 9], [2, 10], [2, 11], [17, 11], [2, 12], [2, 13], [9, 13], [10, 13], [2, 14], [5, 14], [6, 14], [7, 14], [8, 14], [9, 14], [16, 14], [2, 15], [5, 15], [4, 16], [2, 17], [3, 17], [4, 17], [11, 17], [12, 17], [13, 17], [14, 17], [15, 17], [1, 18], [4, 18], [5, 18], [6, 18], [7, 18], [8, 18], [9, 18], [10, 18], [11, 18]], "npc_position": [14.46449355833656, 12.471874469197347], "target_position": [5, 12]}