{"grid_size": 20, "walls": [[13, 1], [15, 1], [1, 2], [13, 2], [15, 2], [1, 3], [13, 3], [14, 3], [15, 3], [1, 4], [13, 4], [15, 4], [1, 5], [2, 5], [3, 5], [13, 5], [15, 5]], "npc_position": [5.676386886784285, 8.677520852485562], "target_position": [5, 6]}