{"grid_size": 20, "walls": [[12, 0], [13, 0], [14, 0], [15, 0], [16, 0], [17, 0], [18, 0], [19, 0], [12, 1], [13, 1], [14, 1], [15, 1], [16, 1], [17, 1], [18, 1], [19, 1], [3, 2], [4, 2], [18, 2], [19, 2], [4, 3], [18, 3], [19, 3], [1, 4], [4, 4], [18, 4], [19, 4], [1, 5], [2, 5], [3, 5], [4, 5], [18, 5], [19, 5], [18, 6], [19, 6], [9, 7], [10, 7], [11, 7], [12, 7], [13, 7], [14, 7], [18, 7], [19, 7], [9, 8], [18, 8], [19, 8], [9, 9], [14, 9], [18, 9], [19, 9], [9, 10], [14, 10], [18, 10], [19, 10], [14, 11], [18, 11], [19, 11], [9, 12], [10, 12], [11, 12], [12, 12], [13, 12], [14, 12], [18, 12], [19, 12], [18, 13], [19, 13], [3, 15], [4, 15], [5, 15], [6, 15], [7, 15], [8, 15], [3, 16], [8, 16], [3, 17], [8, 17], [3, 18], [5, 18], [6, 18], [8, 18], [5, 19], [6, 19]], "npc_position": [6.686566343102095, 9.314389571493736], "target_position": [11, 2]}