{"grid_size": 20, "walls": [[10, 3], [11, 3], [10, 4], [11, 4], [4, 5], [15, 5], [8, 8], [9, 8], [13, 9], [14, 9], [14, 10], [8, 12], [3, 14], [4, 14], [10, 14], [11, 14], [3, 15], [4, 15], [15, 15], [16, 15], [15, 16], [16, 16]], "npc_position": [7.457082335933207, 12.1621614964435], "target_position": [7, 3]}