{"grid_size": 20, "walls": [[4, 0], [5, 0], [14, 0], [15, 0], [16, 0], [17, 0], [18, 0], [19, 0], [18, 1], [19, 1], [4, 2], [5, 2], [14, 2], [15, 2], [18, 2], [19, 2], [4, 3], [5, 3], [6, 3], [7, 3], [8, 3], [11, 3], [12, 3], [13, 3], [14, 3], [15, 3], [18, 3], [19, 3], [4, 4], [8, 4], [15, 4], [1, 5], [2, 5], [3, 5], [4, 5], [8, 5], [15, 5], [16, 5], [17, 5], [18, 5], [8, 6], [9, 6], [10, 6], [11, 6], [15, 6], [13, 7], [14, 7], [15, 7], [3, 8], [6, 8], [13, 8], [2, 9], [3, 9], [6, 9], [13, 9], [17, 9], [18, 9], [1, 10], [2, 10], [6, 10], [13, 10], [16, 10], [17, 10], [6, 11], [4, 12], [5, 12], [6, 12], [4, 13], [8, 13], [9, 13], [10, 13], [11, 13], [12, 13], [1, 14], [2, 14], [3, 14], [4, 14], [12, 14], [15, 14], [16, 14], [17, 14], [18, 14], [4, 15], [12, 15], [15, 15], [0, 16], [1, 16], [4, 16], [5, 16], [6, 16], [7, 16], [8, 16], [11, 16], [12, 16], [13, 16], [14, 16], [15, 16], [0, 17], [1, 17], [4, 17], [5, 17], [14, 17], [15, 17], [0, 18], [1, 18], [0, 19], [1, 19], [2, 19], [3, 19], [4, 19], [5, 19], [14, 19], [15, 19]], "npc_position": [10.116000000000009, 18.335999999999995], "target_position": null}